Date,True_Label,Predicted_Label,Predicted_Probability
1999-01-01,1,1,0.76
1999-01-02,1,1,0.98
1999-01-03,1,1,0.89
1999-01-04,0,0,0.02
1999-01-05,0,0,0.01
1999-01-06,0,0,0.27
1999-01-07,0,0,0.0
1999-01-08,0,0,0.06
1999-01-09,0,0,0.0
1999-01-10,1,1,0.82
1999-01-11,0,0,0.01
1999-01-12,0,0,0.0
1999-01-13,1,1,0.98
1999-01-14,0,0,0.01
1999-01-15,0,0,0.05
1999-01-16,0,0,0.01
1999-01-17,1,1,1.0
1999-01-18,0,0,0.01
1999-01-19,1,1,0.99
1999-01-20,0,0,0.0
1999-01-21,1,1,1.0
1999-01-22,0,0,0.0
1999-01-23,1,1,0.69
1999-01-24,0,0,0.07
1999-01-25,0,0,0.24
1999-01-26,0,0,0.0
1999-01-27,0,0,0.0
1999-01-28,0,0,0.0
1999-01-29,0,1,0.85
1999-01-30,0,1,0.65
1999-01-31,1,1,0.97
1999-02-01,0,0,0.0
1999-02-02,1,1,0.92
1999-02-03,1,0,0.45
1999-02-04,0,0,0.02
1999-02-05,0,0,0.02
1999-02-06,0,0,0.08
1999-02-07,1,1,0.96
1999-02-08,0,1,0.57
1999-02-09,0,0,0.0
1999-02-10,0,0,0.0
1999-02-11,0,0,0.01
1999-02-12,0,1,0.88
1999-02-13,0,0,0.09
1999-02-14,0,0,0.04
1999-02-15,1,1,0.95
1999-02-16,0,0,0.09
1999-02-17,0,0,0.04
1999-02-18,0,0,0.0
1999-02-19,0,0,0.02
1999-02-20,0,0,0.0
1999-02-21,0,0,0.02
1999-02-22,1,1,0.73
1999-02-23,0,0,0.0
1999-02-24,0,0,0.05
1999-02-25,0,1,0.68
1999-02-26,1,1,0.96
1999-02-27,1,0,0.49
1999-02-28,0,0,0.0
1999-03-01,1,1,0.72
1999-03-02,0,0,0.02
1999-03-03,0,0,0.0
1999-03-04,1,1,0.99
1999-03-05,1,1,0.74
1999-03-06,0,0,0.0
1999-03-07,0,0,0.02
1999-03-08,1,1,0.97
1999-03-09,1,1,0.95
1999-03-10,1,1,0.7
1999-03-11,1,0,0.34
1999-03-12,1,1,0.86
1999-03-13,0,0,0.0
1999-03-14,0,0,0.0
1999-03-15,0,0,0.06
1999-03-16,0,0,0.02
1999-03-17,0,0,0.0
1999-03-18,1,0,0.11
1999-03-19,0,0,0.0
1999-03-20,1,1,1.0
1999-03-21,0,0,0.0
1999-03-22,0,0,0.02
1999-03-23,0,0,0.0
1999-03-24,1,1,0.99
1999-03-25,1,1,0.78
1999-03-26,1,1,0.88
1999-03-27,0,1,0.96
1999-03-28,0,0,0.03
1999-03-29,0,0,0.08
1999-03-30,0,0,0.01
1999-03-31,0,0,0.06
1999-04-01,1,1,0.93
1999-04-02,1,1,0.98
1999-04-03,0,0,0.0
1999-04-04,0,0,0.0
1999-04-05,0,0,0.0
1999-04-06,1,1,1.0
1999-04-07,0,0,0.07
1999-04-08,1,1,0.9
1999-04-09,1,1,0.98
1999-04-10,1,1,0.87
1999-04-11,0,0,0.02
1999-04-12,1,1,0.81
1999-04-13,0,0,0.0
1999-04-14,1,0,0.31
1999-04-15,1,1,0.95
1999-04-16,0,0,0.0
1999-04-17,1,1,0.83
1999-04-18,0,0,0.0
1999-04-19,1,1,0.97
1999-04-20,0,0,0.0
1999-04-21,0,0,0.37
1999-04-22,0,0,0.0
1999-04-23,0,0,0.07
1999-04-24,1,1,1.0
1999-04-25,1,1,0.61
1999-04-26,0,0,0.0
1999-04-27,1,1,1.0
1999-04-28,0,0,0.0
1999-04-29,0,0,0.01
1999-04-30,0,0,0.23
1999-05-01,0,0,0.04
1999-05-02,0,0,0.03
1999-05-03,0,0,0.02
1999-05-04,0,0,0.01
1999-05-05,0,0,0.0
1999-05-06,0,0,0.28
1999-05-07,1,1,0.87
1999-05-08,1,1,1.0
1999-05-09,0,0,0.38
1999-05-10,0,0,0.01
1999-05-11,0,0,0.0
1999-05-12,0,0,0.02
1999-05-13,0,0,0.02
1999-05-14,0,0,0.0
1999-05-15,0,0,0.06
1999-05-16,1,1,1.0
1999-05-17,0,0,0.07
1999-05-18,1,1,1.0
1999-05-19,0,0,0.01
1999-05-20,0,0,0.11
1999-05-21,0,0,0.0
1999-05-22,1,1,1.0
1999-05-23,0,0,0.04
1999-05-24,1,1,0.91
1999-05-25,0,0,0.01
1999-05-26,0,0,0.02
1999-05-27,1,0,0.39
1999-05-28,1,1,0.62
1999-05-29,0,0,0.0
1999-05-30,0,0,0.04
1999-05-31,0,0,0.2
1999-06-01,0,0,0.4
1999-06-02,1,0,0.38
1999-06-03,0,0,0.01
1999-06-04,1,1,0.91
1999-06-05,0,0,0.03
1999-06-06,1,1,0.88
1999-06-07,1,1,1.0
1999-06-08,0,0,0.22
1999-06-09,0,0,0.06
1999-06-10,1,0,0.25
1999-06-11,0,0,0.07
1999-06-12,0,0,0.04
1999-06-13,0,0,0.16
1999-06-14,0,0,0.24
1999-06-15,1,0,0.01
1999-06-16,0,0,0.01
1999-06-17,1,1,0.98
1999-06-18,1,0,0.37
1999-06-19,0,0,0.0
1999-06-20,1,0,0.04
1999-06-21,0,0,0.03
1999-06-22,0,0,0.0
1999-06-23,0,0,0.0
1999-06-24,1,1,0.91
1999-06-25,0,0,0.15
1999-06-26,0,0,0.07
1999-06-27,0,0,0.0
1999-06-28,1,1,0.97
1999-06-29,0,0,0.0
1999-06-30,1,1,1.0
1999-07-01,0,0,0.0
1999-07-02,1,1,0.9
1999-07-03,0,0,0.02
1999-07-04,0,0,0.09
1999-07-05,0,0,0.0
1999-07-06,0,0,0.0
1999-07-07,1,1,0.99
1999-07-08,1,1,0.59
1999-07-09,1,1,0.78
1999-07-10,1,1,0.97
1999-07-11,0,0,0.02
1999-07-12,1,1,0.93
1999-07-13,0,1,0.75
1999-07-14,0,0,0.06
1999-07-15,1,1,0.63
1999-07-16,1,1,0.93
1999-07-17,0,0,0.0
1999-07-18,0,0,0.0
1999-07-19,1,1,0.88
1999-07-20,0,0,0.02
1999-07-21,0,0,0.0
1999-07-22,1,1,0.9
1999-07-23,0,0,0.0
1999-07-24,1,1,0.78
1999-07-25,0,1,0.61
1999-07-26,1,1,0.97
1999-07-27,0,0,0.05
1999-07-28,1,1,0.79
1999-07-29,0,0,0.04
1999-07-30,1,1,0.99
1999-07-31,0,0,0.08
1999-08-01,0,0,0.02
1999-08-02,1,1,0.99
1999-08-03,0,0,0.02
1999-08-04,0,0,0.0
1999-08-05,0,0,0.08
1999-08-06,1,1,0.87
1999-08-07,1,1,0.9
1999-08-08,0,0,0.07
1999-08-09,0,0,0.0
1999-08-10,0,0,0.01
1999-08-11,0,0,0.02
1999-08-12,0,0,0.05
1999-08-13,0,0,0.0
1999-08-14,0,0,0.0
1999-08-15,0,1,0.51
1999-08-16,0,0,0.01
1999-08-17,1,1,0.66
1999-08-18,1,1,0.93
1999-08-19,0,0,0.0
1999-08-20,0,0,0.01
1999-08-21,1,0,0.04
1999-08-22,0,1,0.67
1999-08-23,0,0,0.0
1999-08-24,0,0,0.0
1999-08-25,1,0,0.36
1999-08-26,0,0,0.0
1999-08-27,0,0,0.01
1999-08-28,0,0,0.06
1999-08-29,1,1,0.88
1999-08-30,0,0,0.5
1999-08-31,0,0,0.1
1999-09-01,0,0,0.0
1999-09-02,0,1,0.53
1999-09-03,1,1,0.93
1999-09-04,0,0,0.04
1999-09-05,0,0,0.08
1999-09-06,0,0,0.0
1999-09-07,0,0,0.32
1999-09-08,1,1,0.99
1999-09-09,0,0,0.01
1999-09-10,0,0,0.01
1999-09-11,0,0,0.15
1999-09-12,1,1,0.91
1999-09-13,0,0,0.14
1999-09-14,0,0,0.0
1999-09-15,0,0,0.01
1999-09-16,1,0,0.28
1999-09-17,1,1,0.92
1999-09-18,0,0,0.05
1999-09-19,1,0,0.27
1999-09-20,1,1,1.0
1999-09-21,1,0,0.14
1999-09-22,0,0,0.09
1999-09-23,0,0,0.0
1999-09-24,1,1,1.0
1999-09-25,1,1,0.98
1999-09-26,0,0,0.04
1999-09-27,1,1,0.71
1999-09-28,0,0,0.09
1999-09-29,0,0,0.01
1999-09-30,1,1,0.9
1999-10-01,1,1,0.9
1999-10-02,0,0,0.05
1999-10-03,0,0,0.12
1999-10-04,0,0,0.0
1999-10-05,0,1,0.66
1999-10-06,1,1,0.95
1999-10-07,1,1,0.92
1999-10-08,0,0,0.0
1999-10-09,0,0,0.02
1999-10-10,1,1,0.99
1999-10-11,0,0,0.21
1999-10-12,0,0,0.0
1999-10-13,0,0,0.0
1999-10-14,0,0,0.01
1999-10-15,1,1,0.57
1999-10-16,0,0,0.27
1999-10-17,0,0,0.01
1999-10-18,1,1,1.0
1999-10-19,0,0,0.02
1999-10-20,0,0,0.11
1999-10-21,1,0,0.3
1999-10-22,0,0,0.03
1999-10-23,1,1,0.77
1999-10-24,0,0,0.01
1999-10-25,1,1,0.98
1999-10-26,1,1,0.95
1999-10-27,0,1,0.61
1999-10-28,1,1,0.99
1999-10-29,1,1,0.98
1999-10-30,0,0,0.06
1999-10-31,0,0,0.05
1999-11-01,1,1,1.0
1999-11-02,0,0,0.04
1999-11-03,0,0,0.0
1999-11-04,0,0,0.4
1999-11-05,0,0,0.0
1999-11-06,0,0,0.0
1999-11-07,0,0,0.25
1999-11-08,1,1,0.95
1999-11-09,0,0,0.0
1999-11-10,1,1,0.99
1999-11-11,0,0,0.02
1999-11-12,0,0,0.01
1999-11-13,0,0,0.08
1999-11-14,1,1,0.99
1999-11-15,0,0,0.02
1999-11-16,0,0,0.04
1999-11-17,0,0,0.04
1999-11-18,1,1,0.98
1999-11-19,1,1,0.64
1999-11-20,0,0,0.02
1999-11-21,0,0,0.0
1999-11-22,1,1,0.97
1999-11-23,0,0,0.16
1999-11-24,1,1,0.85
1999-11-25,0,0,0.22
1999-11-26,1,1,0.98
1999-11-27,0,0,0.02
1999-11-28,0,0,0.31
1999-11-29,0,0,0.01
1999-11-30,0,0,0.06
1999-12-01,0,0,0.0
1999-12-02,0,0,0.35
1999-12-03,1,1,0.51
1999-12-04,0,0,0.0
1999-12-05,0,0,0.01
1999-12-06,1,1,0.79
1999-12-07,0,0,0.06
1999-12-08,0,0,0.01
1999-12-09,0,0,0.2
1999-12-10,0,1,0.52
1999-12-11,0,0,0.0
1999-12-12,0,0,0.0
1999-12-13,0,0,0.21
1999-12-14,1,1,0.98
1999-12-15,1,1,0.96
1999-12-16,1,1,0.98
1999-12-17,0,0,0.01
1999-12-18,1,1,0.8
1999-12-19,0,0,0.0
1999-12-20,0,0,0.02
1999-12-21,0,1,0.76
1999-12-22,1,1,0.9
1999-12-23,0,0,0.01
1999-12-24,1,1,0.99
1999-12-25,0,0,0.1
1999-12-26,1,1,1.0
1999-12-27,1,1,0.99
1999-12-28,0,0,0.38
1999-12-29,0,1,0.76
1999-12-30,1,1,0.95
1999-12-31,1,1,1.0
2000-01-01,0,0,0.0
2000-01-02,0,0,0.0
2000-01-03,0,0,0.04
2000-01-04,0,1,0.8
2000-01-05,0,0,0.0
2000-01-06,0,0,0.01
2000-01-07,0,0,0.04
2000-01-08,1,1,0.96
2000-01-09,0,0,0.0
2000-01-10,0,0,0.08
2000-01-11,1,1,1.0
2000-01-12,0,0,0.0
2000-01-13,0,0,0.02
2000-01-14,1,1,0.84
2000-01-15,0,0,0.04
2000-01-16,0,0,0.25
2000-01-17,0,0,0.02
2000-01-18,0,0,0.03
2000-01-19,0,0,0.02
2000-01-20,0,0,0.01
2000-01-21,0,0,0.0
2000-01-22,0,0,0.02
2000-01-23,0,0,0.0
2000-01-24,0,0,0.14
2000-01-25,1,1,0.99
2000-01-26,0,0,0.0
2000-01-27,0,0,0.01
2000-01-28,0,0,0.01
2000-01-29,0,0,0.07
2000-01-30,0,0,0.03
2000-01-31,0,0,0.01
2000-02-01,0,0,0.35
2000-02-02,0,0,0.01
2000-02-03,0,0,0.04
2000-02-04,0,0,0.04
2000-02-05,1,1,0.95
2000-02-06,1,1,1.0
2000-02-07,0,0,0.02
2000-02-08,0,0,0.04
2000-02-09,0,0,0.06
2000-02-10,0,0,0.04
2000-02-11,1,1,0.96
2000-02-12,0,0,0.02
2000-02-13,0,0,0.03
2000-02-14,1,1,0.9
2000-02-15,1,1,1.0
2000-02-16,1,1,0.98
2000-02-17,1,0,0.07
2000-02-18,0,0,0.17
2000-02-19,0,0,0.23
2000-02-20,1,1,0.69
2000-02-21,0,0,0.0
2000-02-22,0,0,0.12
2000-02-23,0,0,0.0
2000-02-24,0,0,0.01
2000-02-25,0,0,0.01
2000-02-26,0,0,0.19
2000-02-27,0,0,0.0
2000-02-28,0,0,0.0
2000-02-29,0,0,0.0
2000-03-01,0,0,0.0
2000-03-02,1,1,1.0
2000-03-03,0,0,0.0
2000-03-04,0,0,0.02
2000-03-05,1,1,0.98
2000-03-06,0,0,0.0
2000-03-07,0,0,0.35
2000-03-08,0,0,0.0
2000-03-09,0,0,0.01
2000-03-10,0,0,0.21
2000-03-11,0,0,0.01
2000-03-12,0,0,0.0
2000-03-13,0,0,0.03
2000-03-14,0,0,0.03
2000-03-15,1,1,0.87
2000-03-16,1,1,0.92
2000-03-17,1,1,0.79
2000-03-18,1,1,0.97
2000-03-19,0,0,0.04
2000-03-20,0,0,0.3
2000-03-21,0,0,0.03
2000-03-22,0,0,0.05
2000-03-23,0,0,0.03
2000-03-24,0,1,0.72
2000-03-25,0,0,0.35
2000-03-26,0,0,0.0
2000-03-27,0,0,0.03
2000-03-28,1,1,1.0
2000-03-29,1,1,0.97
2000-03-30,0,0,0.0
2000-03-31,0,0,0.0
2000-04-01,0,0,0.05
2000-04-02,0,1,0.77
2000-04-03,0,0,0.0
2000-04-04,1,1,1.0
2000-04-05,0,0,0.01
2000-04-06,1,1,1.0
2000-04-07,0,1,0.98
2000-04-08,1,1,0.97
2000-04-09,0,0,0.01
2000-04-10,0,0,0.0
2000-04-11,0,1,0.71
2000-04-12,0,0,0.14
2000-04-13,0,0,0.16
2000-04-14,0,0,0.01
2000-04-15,1,1,0.99
2000-04-16,0,0,0.0
2000-04-17,0,0,0.0
2000-04-18,0,0,0.0
2000-04-19,0,0,0.04
2000-04-20,0,0,0.0
2000-04-21,0,0,0.0
2000-04-22,1,1,1.0
2000-04-23,0,1,0.83
2000-04-24,0,0,0.01
2000-04-25,1,1,0.98
2000-04-26,1,1,0.66
2000-04-27,1,0,0.41
2000-04-28,0,0,0.03
2000-04-29,1,1,0.98
2000-04-30,0,0,0.0
2000-05-01,1,1,0.97
2000-05-02,1,1,0.64
2000-05-03,0,0,0.01
2000-05-04,1,1,0.99
2000-05-05,1,1,0.79
2000-05-06,1,1,0.97
2000-05-07,0,0,0.06
2000-05-08,1,1,1.0
2000-05-09,0,0,0.13
2000-05-10,0,0,0.01
2000-05-11,1,1,0.94
2000-05-12,0,0,0.02
2000-05-13,0,0,0.05
2000-05-14,0,0,0.01
2000-05-15,1,1,1.0
2000-05-16,0,0,0.18
2000-05-17,0,0,0.0
2000-05-18,0,0,0.02
2000-05-19,1,1,1.0
2000-05-20,0,0,0.0
2000-05-21,1,1,1.0
2000-05-22,0,0,0.01
2000-05-23,1,1,0.96
2000-05-24,1,1,0.96
2000-05-25,1,1,0.97
2000-05-26,0,0,0.03
2000-05-27,1,1,0.97
2000-05-28,1,1,0.98
2000-05-29,1,1,0.88
2000-05-30,1,1,1.0
2000-05-31,0,0,0.01
2000-06-01,1,1,0.94
2000-06-02,1,1,0.68
2000-06-03,1,1,1.0
2000-06-04,1,1,0.99
2000-06-05,0,0,0.19
2000-06-06,0,0,0.0
2000-06-07,0,0,0.12
2000-06-08,0,0,0.04
2000-06-09,0,0,0.01
2000-06-10,1,1,1.0
2000-06-11,0,0,0.18
2000-06-12,1,0,0.3
2000-06-13,0,0,0.1
2000-06-14,0,0,0.14
2000-06-15,0,0,0.18
2000-06-16,0,0,0.02
2000-06-17,1,1,0.91
2000-06-18,0,0,0.0
2000-06-19,0,0,0.02
2000-06-20,0,0,0.03
2000-06-21,1,1,0.83
2000-06-22,0,1,0.52
2000-06-23,0,0,0.0
2000-06-24,0,0,0.01
2000-06-25,0,0,0.0
2000-06-26,0,0,0.07
2000-06-27,1,1,1.0
2000-06-28,0,0,0.23
2000-06-29,0,0,0.0
2000-06-30,0,1,0.99
2000-07-01,1,1,1.0
2000-07-02,1,1,0.8
2000-07-03,0,0,0.0
2000-07-04,0,0,0.07
2000-07-05,1,1,1.0
2000-07-06,0,1,0.87
2000-07-07,1,1,0.89
2000-07-08,1,1,0.96
2000-07-09,0,0,0.0
2000-07-10,1,1,0.75
2000-07-11,1,1,0.98
2000-07-12,0,0,0.1
2000-07-13,0,0,0.23
2000-07-14,1,1,0.93
2000-07-15,1,1,1.0
2000-07-16,0,0,0.02
2000-07-17,0,0,0.06
2000-07-18,1,1,0.92
2000-07-19,0,0,0.19
2000-07-20,1,1,0.64
2000-07-21,0,0,0.03
2000-07-22,0,0,0.23
2000-07-23,1,1,0.91
2000-07-24,0,0,0.26
2000-07-25,1,0,0.38
2000-07-26,0,0,0.18
2000-07-27,1,1,1.0
2000-07-28,0,0,0.31
2000-07-29,0,0,0.0
2000-07-30,0,0,0.02
2000-07-31,0,0,0.0
2000-08-01,0,0,0.09
2000-08-02,1,1,0.93
2000-08-03,1,1,0.98
2000-08-04,0,0,0.05
2000-08-05,1,1,0.86
2000-08-06,0,0,0.0
2000-08-07,0,0,0.05
2000-08-08,1,0,0.43
2000-08-09,0,0,0.01
2000-08-10,0,1,0.54
2000-08-11,1,1,0.97
2000-08-12,0,0,0.01
2000-08-13,0,0,0.0
2000-08-14,0,0,0.03
2000-08-15,0,1,0.52
2000-08-16,1,1,1.0
2000-08-17,0,0,0.16
2000-08-18,0,0,0.0
2000-08-19,1,1,0.95
2000-08-20,1,1,0.96
2000-08-21,0,0,0.02
2000-08-22,0,0,0.01
2000-08-23,0,1,0.74
2000-08-24,0,0,0.01
2000-08-25,1,1,1.0
2000-08-26,1,0,0.26
2000-08-27,0,0,0.0
2000-08-28,0,0,0.0
2000-08-29,0,0,0.0
2000-08-30,1,1,0.91
2000-08-31,0,0,0.13
2000-09-01,0,0,0.01
2000-09-02,0,0,0.0
2000-09-03,1,1,0.99
2000-09-04,0,0,0.11
2000-09-05,0,0,0.0
2000-09-06,1,1,1.0
2000-09-07,0,0,0.24
2000-09-08,0,0,0.26
2000-09-09,1,0,0.25
2000-09-10,1,1,0.99
2000-09-11,0,1,0.56
2000-09-12,1,1,0.75
2000-09-13,0,0,0.49
2000-09-14,0,0,0.01
2000-09-15,0,0,0.01
2000-09-16,1,1,0.84
2000-09-17,0,0,0.01
2000-09-18,0,0,0.02
2000-09-19,0,0,0.18
2000-09-20,0,0,0.04
2000-09-21,1,1,0.99
2000-09-22,0,0,0.0
2000-09-23,0,0,0.01
2000-09-24,0,0,0.0
2000-09-25,0,0,0.01
2000-09-26,0,1,0.69
2000-09-27,0,1,0.99
2000-09-28,1,1,0.91
2000-09-29,0,0,0.0
2000-09-30,0,0,0.24
2000-10-01,0,1,0.53
2000-10-02,1,1,0.96
2000-10-03,1,0,0.23
2000-10-04,0,0,0.28
2000-10-05,1,1,0.97
2000-10-06,1,1,0.67
2000-10-07,0,0,0.0
2000-10-08,0,0,0.03
2000-10-09,0,0,0.01
2000-10-10,1,1,0.98
2000-10-11,0,0,0.02
2000-10-12,0,0,0.0
2000-10-13,1,0,0.15
2000-10-14,0,0,0.0
2000-10-15,0,0,0.06
2000-10-16,0,0,0.0
2000-10-17,1,1,1.0
2000-10-18,0,1,0.54
2000-10-19,0,0,0.0
2000-10-20,0,0,0.01
2000-10-21,0,0,0.05
2000-10-22,1,0,0.15
2000-10-23,0,0,0.01
2000-10-24,0,1,0.75
2000-10-25,0,0,0.01
2000-10-26,0,0,0.0
2000-10-27,0,0,0.16
2000-10-28,0,0,0.03
2000-10-29,0,0,0.0
2000-10-30,1,0,0.33
2000-10-31,0,0,0.01
2000-11-01,0,0,0.01
2000-11-02,1,1,0.75
2000-11-03,0,0,0.0
2000-11-04,0,0,0.0
2000-11-05,0,0,0.02
2000-11-06,0,0,0.0
2000-11-07,1,1,1.0
2000-11-08,0,0,0.15
2000-11-09,0,0,0.02
2000-11-10,0,0,0.05
2000-11-11,1,1,0.75
2000-11-12,0,0,0.0
2000-11-13,1,1,0.8
2000-11-14,1,1,0.92
2000-11-15,0,1,0.76
2000-11-16,0,0,0.0
2000-11-17,0,0,0.47
2000-11-18,0,0,0.0
2000-11-19,0,1,0.96
2000-11-20,0,0,0.0
2000-11-21,1,1,0.93
2000-11-22,1,1,0.8
2000-11-23,1,1,1.0
2000-11-24,0,0,0.5
2000-11-25,0,0,0.09
2000-11-26,0,0,0.0
2000-11-27,0,0,0.0
2000-11-28,1,1,1.0
2000-11-29,0,0,0.32
2000-11-30,0,0,0.02
2000-12-01,1,1,0.82
2000-12-02,0,0,0.01
2000-12-03,0,0,0.05
2000-12-04,0,0,0.0
2000-12-05,0,0,0.01
2000-12-06,1,1,0.96
2000-12-07,0,0,0.01
2000-12-08,0,0,0.0
2000-12-09,0,0,0.0
2000-12-10,1,1,0.85
2000-12-11,0,0,0.01
2000-12-12,0,0,0.11
2000-12-13,0,0,0.0
2000-12-14,0,0,0.14
2000-12-15,0,0,0.01
2000-12-16,0,0,0.07
2000-12-17,1,1,0.98
2000-12-18,0,0,0.0
2000-12-19,0,0,0.02
2000-12-20,0,0,0.05
2000-12-21,0,0,0.06
2000-12-22,1,1,0.95
2000-12-23,0,1,0.81
2000-12-24,0,0,0.04
2000-12-25,0,0,0.09
2000-12-26,0,0,0.01
2000-12-27,0,0,0.07
2000-12-28,0,0,0.0
2000-12-29,0,0,0.04
2000-12-30,0,0,0.01
2000-12-31,1,1,0.94
2001-01-01,1,0,0.31
2001-01-02,0,0,0.03
2001-01-03,0,0,0.1
2001-01-04,1,1,0.99
2001-01-05,0,0,0.05
2001-01-06,0,0,0.0
2001-01-07,0,0,0.02
2001-01-08,0,0,0.09
2001-01-09,0,0,0.09
2001-01-10,1,1,0.89
2001-01-11,0,0,0.28
2001-01-12,0,0,0.03
2001-01-13,0,0,0.0
2001-01-14,1,1,0.88
2001-01-15,1,1,0.57
2001-01-16,1,1,1.0
2001-01-17,0,0,0.0
2001-01-18,1,1,0.82
2001-01-19,1,1,0.87
2001-01-20,0,0,0.02
2001-01-21,0,0,0.13
2001-01-22,0,0,0.05
2001-01-23,1,0,0.26
2001-01-24,0,0,0.05
2001-01-25,0,0,0.02
2001-01-26,0,0,0.0
2001-01-27,0,0,0.0
2001-01-28,1,1,0.88
2001-01-29,0,0,0.01
2001-01-30,0,0,0.02
2001-01-31,0,0,0.01
2001-02-01,0,0,0.0
2001-02-02,1,1,1.0
2001-02-03,0,0,0.01
2001-02-04,0,0,0.0
2001-02-05,1,1,0.95
2001-02-06,0,0,0.01
2001-02-07,0,0,0.03
2001-02-08,0,0,0.09
2001-02-09,0,0,0.0
2001-02-10,0,0,0.02
2001-02-11,1,1,0.99
2001-02-12,0,1,0.57
2001-02-13,1,0,0.32
2001-02-14,0,0,0.01
2001-02-15,0,0,0.05
2001-02-16,1,1,1.0
2001-02-17,1,1,1.0
2001-02-18,1,0,0.03
2001-02-19,0,0,0.0
2001-02-20,1,1,0.97
2001-02-21,0,0,0.01
2001-02-22,0,0,0.03
2001-02-23,1,1,0.99
2001-02-24,1,1,0.57
2001-02-25,0,0,0.07
2001-02-26,1,0,0.25
2001-02-27,1,1,0.73
2001-02-28,0,0,0.0
2001-03-01,0,0,0.03
2001-03-02,0,0,0.0
2001-03-03,1,1,0.91
2001-03-04,1,1,1.0
2001-03-05,0,0,0.02
2001-03-06,0,0,0.01
2001-03-07,1,1,0.99
2001-03-08,0,0,0.37
2001-03-09,0,0,0.01
2001-03-10,0,0,0.29
2001-03-11,1,1,1.0
2001-03-12,0,0,0.11
2001-03-13,1,1,0.99
2001-03-14,1,1,0.62
2001-03-15,0,0,0.01
2001-03-16,0,0,0.0
2001-03-17,0,0,0.0
2001-03-18,0,0,0.02
2001-03-19,0,0,0.0
2001-03-20,0,0,0.32
2001-03-21,0,0,0.0
2001-03-22,0,0,0.07
2001-03-23,1,1,0.96
2001-03-24,0,0,0.0
2001-03-25,0,0,0.01
2001-03-26,0,0,0.01
2001-03-27,1,1,0.83
2001-03-28,0,0,0.13
2001-03-29,1,1,0.73
2001-03-30,0,0,0.28
2001-03-31,0,0,0.0
2001-04-01,0,1,0.59
2001-04-02,0,0,0.03
2001-04-03,0,0,0.1
2001-04-04,1,1,0.9
2001-04-05,0,0,0.03
2001-04-06,1,1,0.74
2001-04-07,0,0,0.02
2001-04-08,0,0,0.0
2001-04-09,0,0,0.02
2001-04-10,0,0,0.01
2001-04-11,0,0,0.01
2001-04-12,1,1,0.93
2001-04-13,1,1,0.98
2001-04-14,1,1,0.96
2001-04-15,0,0,0.05
2001-04-16,1,1,1.0
2001-04-17,1,1,0.9
2001-04-18,0,0,0.11
2001-04-19,1,1,0.8
2001-04-20,0,0,0.0
2001-04-21,0,0,0.07
2001-04-22,0,0,0.0
2001-04-23,1,1,0.72
2001-04-24,0,0,0.0
2001-04-25,0,0,0.02
2001-04-26,0,0,0.12
2001-04-27,0,0,0.03
2001-04-28,1,1,0.92
2001-04-29,0,0,0.02
2001-04-30,1,0,0.22
2001-05-01,0,0,0.14
2001-05-02,1,1,0.97
2001-05-03,0,0,0.15
2001-05-04,0,0,0.0
2001-05-05,0,0,0.0
2001-05-06,0,0,0.0
2001-05-07,0,0,0.11
2001-05-08,0,0,0.34
2001-05-09,0,0,0.06
2001-05-10,1,1,0.75
2001-05-11,0,0,0.0
2001-05-12,0,0,0.0
2001-05-13,0,0,0.35
2001-05-14,1,1,0.76
2001-05-15,1,1,0.99
2001-05-16,1,1,0.57
2001-05-17,1,1,0.95
2001-05-18,1,1,0.81
2001-05-19,0,0,0.28
2001-05-20,0,0,0.05
2001-05-21,1,1,0.65
2001-05-22,0,0,0.4
2001-05-23,0,1,0.7
2001-05-24,1,1,0.98
2001-05-25,1,1,0.99
2001-05-26,0,0,0.29
2001-05-27,0,0,0.0
2001-05-28,0,0,0.01
2001-05-29,1,1,0.85
2001-05-30,0,0,0.02
2001-05-31,0,0,0.05
2001-06-01,0,0,0.0
2001-06-02,0,0,0.0
2001-06-03,0,0,0.07
2001-06-04,1,1,0.96
2001-06-05,0,0,0.17
2001-06-06,0,0,0.0
2001-06-07,0,0,0.02
2001-06-08,1,0,0.47
2001-06-09,1,1,0.92
2001-06-10,1,1,0.53
2001-06-11,0,0,0.01
2001-06-12,0,0,0.16
2001-06-13,1,1,1.0
2001-06-14,0,0,0.03
2001-06-15,0,0,0.0
2001-06-16,0,0,0.06
2001-06-17,0,0,0.0
2001-06-18,0,0,0.01
2001-06-19,0,0,0.01
2001-06-20,1,1,0.95
2001-06-21,0,0,0.0
2001-06-22,1,1,0.57
2001-06-23,0,0,0.0
2001-06-24,1,0,0.22
2001-06-25,0,0,0.0
2001-06-26,0,0,0.06
2001-06-27,0,0,0.03
2001-06-28,1,1,0.81
2001-06-29,0,0,0.06
2001-06-30,0,0,0.01
2001-07-01,1,1,0.95
2001-07-02,0,0,0.02
2001-07-03,0,0,0.02
2001-07-04,1,1,0.59
2001-07-05,1,1,0.97
2001-07-06,1,1,0.76
2001-07-07,1,1,0.94
2001-07-08,1,1,1.0
2001-07-09,0,0,0.09
2001-07-10,0,0,0.12
2001-07-11,0,0,0.06
2001-07-12,1,1,0.95
2001-07-13,1,1,0.99
2001-07-14,1,0,0.47
2001-07-15,1,0,0.25
2001-07-16,0,0,0.0
2001-07-17,0,0,0.02
2001-07-18,0,0,0.0
2001-07-19,0,0,0.01
2001-07-20,0,0,0.0
2001-07-21,0,0,0.08
2001-07-22,0,0,0.0
2001-07-23,0,0,0.11
2001-07-24,0,0,0.0
2001-07-25,1,0,0.0
2001-07-26,0,0,0.11
2001-07-27,1,1,0.86
2001-07-28,1,1,1.0
2001-07-29,0,0,0.13
2001-07-30,0,0,0.0
2001-07-31,0,0,0.09
2001-08-01,1,1,0.89
2001-08-02,1,1,1.0
2001-08-03,0,0,0.05
2001-08-04,1,1,0.99
2001-08-05,0,0,0.0
2001-08-06,0,0,0.01
2001-08-07,0,0,0.0
2001-08-08,0,0,0.0
2001-08-09,0,0,0.02
2001-08-10,0,0,0.32
2001-08-11,0,0,0.05
2001-08-12,1,0,0.37
2001-08-13,0,0,0.0
2001-08-14,1,1,0.81
2001-08-15,1,1,0.95
2001-08-16,0,0,0.0
2001-08-17,0,0,0.01
2001-08-18,0,1,0.65
2001-08-19,0,0,0.01
2001-08-20,1,1,0.99
2001-08-21,0,1,0.95
2001-08-22,1,1,0.8
2001-08-23,0,0,0.0
2001-08-24,0,0,0.01
2001-08-25,0,0,0.04
2001-08-26,0,1,0.88
2001-08-27,0,0,0.24
2001-08-28,0,0,0.0
2001-08-29,0,0,0.0
2001-08-30,0,0,0.09
2001-08-31,0,0,0.0
2001-09-01,0,0,0.07
2001-09-02,0,0,0.02
2001-09-03,1,1,1.0
2001-09-04,1,1,0.95
2001-09-05,1,1,1.0
2001-09-06,0,0,0.05
2001-09-07,1,1,1.0
2001-09-08,0,0,0.0
2001-09-09,0,0,0.01
2001-09-10,0,0,0.01
2001-09-11,1,1,0.9
2001-09-12,1,1,0.73
2001-09-13,1,1,0.71
2001-09-14,0,0,0.01
2001-09-15,1,1,0.95
2001-09-16,0,0,0.0
2001-09-17,0,0,0.03
2001-09-18,0,0,0.24
2001-09-19,0,0,0.0
2001-09-20,0,0,0.07
2001-09-21,0,0,0.06
2001-09-22,1,1,1.0
2001-09-23,1,1,1.0
2001-09-24,1,1,0.63
2001-09-25,0,0,0.03
2001-09-26,1,1,0.57
2001-09-27,0,0,0.0
2001-09-28,0,0,0.05
2001-09-29,0,0,0.06
2001-09-30,0,0,0.02
2001-10-01,0,0,0.0
2001-10-02,0,0,0.0
2001-10-03,0,0,0.03
2001-10-04,1,1,1.0
2001-10-05,1,0,0.43
2001-10-06,0,0,0.24
2001-10-07,0,0,0.03
2001-10-08,1,1,0.94
2001-10-09,0,0,0.06
2001-10-10,0,0,0.0
2001-10-11,0,1,0.67
2001-10-12,0,1,0.93
2001-10-13,0,0,0.09
2001-10-14,0,1,0.68
2001-10-15,0,0,0.03
2001-10-16,0,0,0.0
2001-10-17,1,1,1.0
2001-10-18,0,0,0.01
2001-10-19,1,0,0.09
2001-10-20,0,0,0.05
2001-10-21,0,0,0.03
2001-10-22,0,0,0.0
2001-10-23,1,1,0.99
2001-10-24,0,0,0.0
2001-10-25,1,1,0.81
2001-10-26,0,0,0.16
2001-10-27,0,0,0.25
2001-10-28,0,0,0.0
2001-10-29,0,0,0.0
2001-10-30,0,0,0.05
2001-10-31,0,0,0.4
2001-11-01,1,1,0.75
2001-11-02,1,1,0.71
2001-11-03,0,0,0.01
2001-11-04,1,1,1.0
2001-11-05,0,0,0.09
2001-11-06,1,0,0.27
2001-11-07,0,0,0.0
2001-11-08,0,0,0.0
2001-11-09,0,0,0.02
2001-11-10,1,1,0.89
2001-11-11,0,0,0.01
2001-11-12,0,0,0.0
2001-11-13,0,0,0.18
2001-11-14,1,1,1.0
2001-11-15,1,1,0.94
2001-11-16,0,0,0.0
2001-11-17,1,1,1.0
2001-11-18,1,1,1.0
2001-11-19,1,1,0.97
2001-11-20,0,0,0.03
2001-11-21,0,0,0.07
2001-11-22,0,1,0.61
2001-11-23,1,0,0.2
2001-11-24,0,0,0.02
2001-11-25,1,0,0.27
2001-11-26,1,1,0.93
2001-11-27,0,0,0.08
2001-11-28,0,0,0.05
2001-11-29,0,0,0.01
2001-11-30,0,0,0.14
2001-12-01,0,0,0.0
2001-12-02,0,0,0.0
2001-12-03,1,1,0.88
2001-12-04,0,1,0.88
2001-12-05,1,1,0.68
2001-12-06,0,0,0.04
2001-12-07,0,0,0.11
2001-12-08,0,1,0.66
2001-12-09,0,0,0.04
2001-12-10,0,0,0.08
2001-12-11,0,1,0.74
2001-12-12,1,1,1.0
2001-12-13,1,1,0.94
2001-12-14,0,0,0.01
2001-12-15,0,0,0.0
2001-12-16,0,0,0.04
2001-12-17,1,1,0.92
2001-12-18,0,0,0.02
2001-12-19,1,1,1.0
2001-12-20,0,0,0.04
2001-12-21,0,1,0.51
2001-12-22,1,1,0.98
2001-12-23,1,1,0.64
2001-12-24,1,1,0.99
2001-12-25,1,1,0.79
2001-12-26,1,0,0.15
2001-12-27,0,0,0.0
2001-12-28,1,1,1.0
2001-12-29,0,0,0.0
2001-12-30,0,1,0.99
2001-12-31,1,1,0.97
2002-01-01,1,1,1.0
2002-01-02,0,0,0.01
2002-01-03,1,1,1.0
2002-01-04,1,0,0.49
2002-01-05,1,1,0.99
2002-01-06,1,1,0.89
2002-01-07,0,0,0.0
2002-01-08,0,0,0.03
2002-01-09,0,0,0.0
2002-01-10,0,0,0.0
2002-01-11,1,0,0.03
2002-01-12,0,0,0.0
2002-01-13,1,1,0.98
2002-01-14,1,1,0.97
2002-01-15,0,0,0.13
2002-01-16,0,0,0.0
2002-01-17,0,0,0.11
2002-01-18,1,1,1.0
2002-01-19,0,0,0.08
2002-01-20,0,0,0.33
2002-01-21,0,0,0.0
2002-01-22,0,0,0.04
2002-01-23,1,0,0.47
2002-01-24,0,0,0.06
2002-01-25,0,1,0.79
2002-01-26,1,1,0.94
2002-01-27,1,1,1.0
2002-01-28,0,0,0.49
2002-01-29,0,0,0.47
2002-01-30,1,1,1.0
2002-01-31,1,0,0.27
2002-02-01,1,1,0.97
2002-02-02,0,0,0.02
2002-02-03,1,1,1.0
2002-02-04,0,0,0.0
2002-02-05,1,0,0.4
2002-02-06,1,0,0.19
2002-02-07,0,0,0.0
2002-02-08,0,1,0.64
2002-02-09,0,0,0.0
2002-02-10,0,0,0.01
2002-02-11,0,0,0.01
2002-02-12,1,1,1.0
2002-02-13,1,1,0.99
2002-02-14,0,0,0.09
2002-02-15,0,0,0.0
2002-02-16,1,0,0.36
2002-02-17,0,0,0.0
2002-02-18,0,0,0.0
2002-02-19,1,1,1.0
2002-02-20,0,0,0.01
2002-02-21,0,0,0.0
2002-02-22,0,0,0.04
2002-02-23,0,0,0.41
2002-02-24,0,0,0.0
2002-02-25,0,0,0.0
2002-02-26,0,0,0.1
2002-02-27,0,0,0.0
2002-02-28,1,1,0.96
2002-03-01,0,0,0.0
2002-03-02,0,0,0.02
2002-03-03,0,0,0.0
2002-03-04,0,0,0.02
2002-03-05,1,1,0.97
2002-03-06,1,1,0.95
2002-03-07,0,0,0.0
2002-03-08,0,0,0.06
2002-03-09,0,0,0.01
2002-03-10,0,0,0.01
2002-03-11,0,0,0.0
2002-03-12,0,0,0.01
2002-03-13,1,1,0.99
2002-03-14,0,0,0.02
2002-03-15,1,1,0.95
2002-03-16,0,0,0.0
2002-03-17,0,0,0.01
2002-03-18,0,0,0.02
2002-03-19,0,0,0.07
2002-03-20,1,1,0.95
2002-03-21,1,1,0.99
2002-03-22,1,1,1.0
2002-03-23,0,0,0.07
2002-03-24,1,1,1.0
2002-03-25,0,0,0.16
2002-03-26,0,0,0.0
2002-03-27,0,0,0.09
2002-03-28,1,1,0.99
2002-03-29,1,1,0.98
2002-03-30,1,1,0.54
2002-03-31,0,0,0.02
2002-04-01,0,0,0.0
2002-04-02,0,0,0.0
2002-04-03,0,0,0.18
2002-04-04,0,0,0.0
2002-04-05,0,0,0.14
2002-04-06,0,0,0.16
2002-04-07,0,0,0.27
2002-04-08,0,0,0.08
2002-04-09,1,1,0.66
2002-04-10,0,0,0.0
2002-04-11,1,1,0.99
2002-04-12,0,0,0.01
2002-04-13,0,0,0.0
2002-04-14,1,1,1.0
2002-04-15,1,0,0.11
2002-04-16,1,1,0.82
2002-04-17,0,0,0.0
2002-04-18,0,0,0.25
2002-04-19,0,0,0.0
2002-04-20,0,0,0.02
2002-04-21,0,0,0.02
2002-04-22,0,0,0.11
2002-04-23,0,0,0.0
2002-04-24,0,0,0.24
2002-04-25,0,1,0.66
2002-04-26,0,0,0.0
2002-04-27,1,1,1.0
2002-04-28,0,0,0.01
2002-04-29,1,1,0.71
2002-04-30,1,1,0.99
2002-05-01,0,0,0.02
2002-05-02,0,0,0.01
2002-05-03,0,0,0.08
2002-05-04,0,0,0.01
2002-05-05,0,0,0.0
2002-05-06,0,0,0.0
2002-05-07,0,0,0.5
2002-05-08,1,1,0.8
2002-05-09,0,0,0.0
2002-05-10,1,1,0.99
2002-05-11,1,0,0.07
2002-05-12,0,0,0.03
2002-05-13,1,1,0.99
2002-05-14,0,0,0.04
2002-05-15,0,1,0.65
2002-05-16,0,0,0.0
2002-05-17,0,0,0.49
2002-05-18,0,0,0.12
2002-05-19,1,1,0.99
2002-05-20,0,0,0.01
2002-05-21,1,1,1.0
2002-05-22,1,1,0.94
2002-05-23,1,1,0.64
2002-05-24,0,0,0.02
2002-05-25,0,0,0.47
2002-05-26,0,0,0.0
2002-05-27,0,0,0.04
2002-05-28,0,0,0.01
2002-05-29,0,0,0.02
2002-05-30,0,0,0.12
2002-05-31,1,1,0.9
2002-06-01,0,0,0.01
2002-06-02,1,0,0.38
2002-06-03,0,0,0.16
2002-06-04,0,0,0.01
2002-06-05,1,0,0.0
2002-06-06,0,1,0.51
2002-06-07,1,0,0.49
2002-06-08,1,1,0.88
2002-06-09,0,0,0.05
2002-06-10,1,1,1.0
2002-06-11,0,0,0.25
2002-06-12,1,1,0.74
2002-06-13,0,1,0.66
2002-06-14,0,0,0.15
2002-06-15,0,0,0.19
2002-06-16,0,0,0.42
2002-06-17,1,1,0.86
2002-06-18,1,1,0.9
2002-06-19,1,1,0.6
2002-06-20,1,1,0.95
2002-06-21,0,0,0.0
2002-06-22,0,0,0.35
2002-06-23,0,0,0.06
2002-06-24,0,0,0.44
2002-06-25,0,0,0.3
2002-06-26,1,0,0.18
2002-06-27,0,0,0.04
2002-06-28,0,0,0.0
2002-06-29,0,0,0.0
2002-06-30,1,1,0.63
2002-07-01,0,0,0.14
2002-07-02,0,0,0.03
2002-07-03,0,0,0.1
2002-07-04,1,1,0.98
2002-07-05,0,0,0.0
2002-07-06,1,1,0.99
2002-07-07,1,1,0.99
2002-07-08,0,0,0.0
2002-07-09,0,0,0.11
2002-07-10,0,0,0.08
2002-07-11,0,0,0.0
2002-07-12,0,0,0.0
2002-07-13,0,0,0.26
2002-07-14,1,1,0.98
2002-07-15,1,1,1.0
2002-07-16,0,0,0.0
2002-07-17,0,0,0.11
2002-07-18,0,0,0.01
2002-07-19,0,1,0.64
2002-07-20,0,0,0.02
2002-07-21,0,0,0.17
2002-07-22,0,0,0.17
2002-07-23,0,1,0.67
2002-07-24,0,0,0.0
2002-07-25,0,0,0.23
2002-07-26,0,0,0.0
2002-07-27,0,0,0.0
2002-07-28,0,0,0.05
2002-07-29,0,1,0.93
2002-07-30,1,0,0.44
2002-07-31,1,1,0.96
2002-08-01,0,0,0.0
2002-08-02,0,0,0.01
2002-08-03,0,0,0.0
2002-08-04,0,0,0.02
2002-08-05,0,0,0.02
2002-08-06,1,1,0.95
2002-08-07,1,1,0.98
2002-08-08,0,0,0.0
2002-08-09,1,1,0.97
2002-08-10,1,1,0.93
2002-08-11,0,0,0.0
2002-08-12,0,0,0.0
2002-08-13,0,0,0.03
2002-08-14,1,1,0.96
2002-08-15,1,1,0.65
2002-08-16,0,0,0.02
2002-08-17,1,1,0.95
2002-08-18,1,0,0.35
2002-08-19,0,0,0.01
2002-08-20,0,0,0.02
2002-08-21,1,1,0.9
2002-08-22,1,1,0.97
2002-08-23,0,0,0.0
2002-08-24,0,0,0.0
2002-08-25,0,0,0.0
2002-08-26,0,0,0.02
2002-08-27,1,1,0.86
2002-08-28,0,0,0.01
2002-08-29,0,0,0.42
2002-08-30,0,0,0.32
2002-08-31,0,0,0.0
2002-09-01,1,1,0.98
2002-09-02,1,1,0.87
2002-09-03,0,0,0.02
2002-09-04,1,1,0.96
2002-09-05,0,0,0.44
2002-09-06,0,0,0.0
2002-09-07,0,0,0.0
2002-09-08,0,0,0.0
2002-09-09,0,0,0.19
2002-09-10,1,1,0.89
2002-09-11,0,0,0.0
2002-09-12,0,0,0.03
2002-09-13,0,0,0.15
2002-09-14,0,0,0.0
2002-09-15,0,0,0.0
2002-09-16,1,1,0.96
2002-09-17,0,0,0.01
2002-09-18,1,1,0.98
2002-09-19,0,0,0.26
2002-09-20,1,0,0.47
2002-09-21,0,0,0.03
2002-09-22,0,0,0.01
2002-09-23,0,0,0.15
2002-09-24,1,1,1.0
2002-09-25,0,0,0.16
2002-09-26,1,1,0.89
2002-09-27,0,0,0.0
2002-09-28,0,0,0.01
2002-09-29,0,0,0.0
2002-09-30,0,0,0.0
2002-10-01,0,0,0.16
2002-10-02,0,0,0.01
2002-10-03,0,0,0.12
2002-10-04,0,0,0.01
2002-10-05,0,0,0.0
2002-10-06,0,0,0.04
2002-10-07,0,0,0.12
2002-10-08,0,0,0.01
2002-10-09,0,0,0.0
2002-10-10,0,0,0.03
2002-10-11,0,0,0.0
2002-10-12,0,0,0.06
2002-10-13,0,0,0.0
2002-10-14,1,0,0.49
2002-10-15,0,1,0.93
2002-10-16,0,0,0.24
2002-10-17,1,1,1.0
2002-10-18,0,0,0.01
2002-10-19,1,1,1.0
2002-10-20,0,0,0.0
2002-10-21,1,1,0.58
2002-10-22,0,0,0.01
2002-10-23,0,0,0.01
2002-10-24,0,0,0.11
2002-10-25,0,0,0.05
2002-10-26,0,0,0.0
2002-10-27,0,0,0.09
2002-10-28,1,0,0.08
2002-10-29,0,0,0.0
2002-10-30,0,1,0.69
2002-10-31,0,0,0.02
2002-11-01,0,0,0.02
2002-11-02,1,0,0.04
2002-11-03,1,1,1.0
2002-11-04,0,0,0.0
2002-11-05,1,1,0.98
2002-11-06,0,0,0.23
2002-11-07,1,1,0.69
2002-11-08,0,0,0.13
2002-11-09,0,0,0.03
2002-11-10,1,1,0.98
2002-11-11,1,1,1.0
2002-11-12,1,1,1.0
2002-11-13,0,0,0.0
2002-11-14,0,0,0.02
2002-11-15,1,1,0.68
2002-11-16,0,0,0.02
2002-11-17,0,0,0.03
2002-11-18,0,0,0.0
2002-11-19,0,0,0.01
2002-11-20,0,0,0.05
2002-11-21,0,0,0.01
2002-11-22,0,1,0.62
2002-11-23,1,1,0.85
2002-11-24,1,0,0.0
2002-11-25,1,1,0.98
2002-11-26,0,0,0.09
2002-11-27,0,0,0.0
2002-11-28,1,0,0.48
2002-11-29,0,0,0.0
2002-11-30,0,0,0.0
2002-12-01,0,0,0.0
2002-12-02,0,0,0.01
2002-12-03,1,1,0.86
2002-12-04,0,0,0.0
2002-12-05,0,0,0.03
2002-12-06,0,0,0.0
2002-12-07,0,0,0.03
2002-12-08,0,0,0.02
2002-12-09,1,1,0.99
2002-12-10,0,0,0.03
2002-12-11,0,0,0.01
2002-12-12,1,1,0.54
2002-12-13,1,1,1.0
2002-12-14,0,0,0.03
2002-12-15,1,1,0.95
2002-12-16,0,0,0.02
2002-12-17,0,0,0.01
2002-12-18,1,1,0.99
2002-12-19,1,1,0.84
2002-12-20,0,0,0.01
2002-12-21,1,1,0.67
2002-12-22,1,1,0.99
2002-12-23,0,0,0.0
2002-12-24,0,0,0.0
2002-12-25,1,1,0.9
2002-12-26,1,1,0.88
2002-12-27,0,0,0.12
2002-12-28,0,0,0.02
2002-12-29,0,1,0.87
2002-12-30,0,0,0.0
2002-12-31,0,0,0.0
2003-01-01,1,0,0.48
2003-01-02,0,0,0.02
2003-01-03,0,0,0.0
2003-01-04,0,0,0.05
2003-01-05,0,0,0.32
2003-01-06,0,0,0.04
2003-01-07,0,0,0.16
2003-01-08,0,0,0.02
2003-01-09,0,0,0.0
2003-01-10,0,0,0.01
2003-01-11,0,0,0.02
2003-01-12,0,0,0.06
2003-01-13,0,0,0.05
2003-01-14,0,0,0.09
2003-01-15,1,1,0.98
2003-01-16,0,0,0.0
2003-01-17,0,0,0.0
2003-01-18,0,0,0.0
2003-01-19,0,0,0.08
2003-01-20,0,0,0.0
2003-01-21,0,0,0.3
2003-01-22,0,1,0.92
2003-01-23,0,0,0.01
2003-01-24,1,1,1.0
2003-01-25,0,0,0.0
2003-01-26,1,1,1.0
2003-01-27,0,0,0.0
2003-01-28,1,1,0.99
2003-01-29,1,1,0.71
2003-01-30,1,1,0.7
2003-01-31,0,0,0.03
2003-02-01,1,0,0.28
2003-02-02,0,0,0.01
2003-02-03,1,1,1.0
2003-02-04,0,0,0.09
2003-02-05,1,1,0.93
2003-02-06,0,1,0.71
2003-02-07,0,0,0.04
2003-02-08,0,0,0.05
2003-02-09,0,0,0.45
2003-02-10,0,0,0.0
2003-02-11,0,0,0.01
2003-02-12,0,0,0.01
2003-02-13,1,1,0.52
2003-02-14,0,0,0.0
2003-02-15,0,0,0.0
2003-02-16,0,0,0.02
2003-02-17,1,1,1.0
2003-02-18,0,0,0.01
2003-02-19,1,1,0.99
2003-02-20,0,0,0.0
2003-02-21,0,0,0.1
2003-02-22,0,0,0.0
2003-02-23,0,0,0.0
2003-02-24,0,0,0.07
2003-02-25,0,1,0.7
2003-02-26,1,1,0.92
2003-02-27,0,0,0.09
2003-02-28,0,0,0.09
2003-03-01,0,0,0.05
2003-03-02,1,1,0.91
2003-03-03,1,1,0.97
2003-03-04,0,0,0.2
2003-03-05,1,1,1.0
2003-03-06,0,0,0.01
2003-03-07,1,0,0.17
2003-03-08,0,0,0.01
2003-03-09,0,0,0.27
2003-03-10,1,1,0.98
2003-03-11,0,0,0.04
2003-03-12,1,1,1.0
2003-03-13,1,0,0.33
2003-03-14,1,0,0.03
2003-03-15,0,0,0.0
2003-03-16,1,0,0.38
2003-03-17,1,1,0.99
2003-03-18,0,0,0.28
2003-03-19,0,0,0.44
2003-03-20,0,0,0.01
2003-03-21,0,0,0.01
2003-03-22,0,0,0.03
2003-03-23,0,0,0.0
2003-03-24,1,1,1.0
2003-03-25,1,1,0.84
2003-03-26,1,1,0.96
2003-03-27,0,0,0.0
2003-03-28,0,0,0.12
2003-03-29,1,1,0.92
2003-03-30,0,0,0.01
2003-03-31,0,0,0.02
2003-04-01,0,1,0.7
2003-04-02,1,1,0.83
2003-04-03,0,0,0.0
2003-04-04,0,0,0.07
2003-04-05,0,0,0.01
2003-04-06,0,0,0.01
2003-04-07,0,0,0.09
2003-04-08,1,1,0.93
2003-04-09,0,0,0.02
2003-04-10,0,0,0.0
2003-04-11,1,1,0.99
2003-04-12,1,1,0.99
2003-04-13,0,1,0.75
2003-04-14,1,1,0.93
2003-04-15,0,0,0.21
2003-04-16,0,0,0.03
2003-04-17,1,1,0.96
2003-04-18,0,0,0.06
2003-04-19,0,0,0.0
2003-04-20,1,1,1.0
2003-04-21,0,0,0.03
2003-04-22,0,0,0.01
2003-04-23,0,0,0.0
2003-04-24,1,1,0.83
2003-04-25,0,1,0.89
2003-04-26,1,1,0.96
2003-04-27,0,0,0.0
2003-04-28,1,1,0.55
2003-04-29,0,0,0.0
2003-04-30,0,0,0.0
2003-05-01,0,0,0.01
2003-05-02,0,0,0.0
2003-05-03,0,0,0.0
2003-05-04,0,0,0.0
2003-05-05,0,0,0.07
2003-05-06,1,1,0.61
2003-05-07,0,0,0.33
2003-05-08,0,0,0.01
2003-05-09,1,1,0.6
2003-05-10,0,0,0.0
2003-05-11,1,0,0.34
2003-05-12,0,0,0.0
2003-05-13,0,0,0.0
2003-05-14,0,0,0.0
2003-05-15,0,0,0.0
2003-05-16,1,1,0.65
2003-05-17,0,0,0.0
2003-05-18,1,1,1.0
2003-05-19,1,1,0.98
2003-05-20,0,0,0.0
2003-05-21,1,0,0.39
2003-05-22,0,0,0.0
2003-05-23,1,0,0.05
2003-05-24,1,1,0.62
2003-05-25,1,1,0.95
2003-05-26,1,1,1.0
2003-05-27,1,1,0.96
2003-05-28,0,0,0.05
2003-05-29,0,0,0.08
2003-05-30,0,0,0.0
2003-05-31,0,0,0.06
2003-06-01,0,0,0.0
2003-06-02,1,1,0.97
2003-06-03,1,0,0.01
2003-06-04,0,0,0.0
2003-06-05,0,0,0.0
2003-06-06,1,1,0.92
2003-06-07,0,0,0.05
2003-06-08,0,0,0.12
2003-06-09,1,1,0.95
2003-06-10,0,0,0.2
2003-06-11,0,0,0.24
2003-06-12,0,0,0.46
2003-06-13,1,1,0.99
2003-06-14,0,0,0.01
2003-06-15,0,0,0.49
2003-06-16,0,0,0.1
2003-06-17,0,0,0.02
2003-06-18,0,0,0.08
2003-06-19,1,1,1.0
2003-06-20,0,0,0.3
2003-06-21,1,0,0.36
2003-06-22,0,0,0.02
2003-06-23,0,0,0.09
2003-06-24,0,0,0.0
2003-06-25,0,0,0.1
2003-06-26,0,0,0.0
2003-06-27,1,1,1.0
2003-06-28,1,1,1.0
2003-06-29,0,0,0.0
2003-06-30,0,0,0.0
2003-07-01,0,0,0.0
2003-07-02,1,1,1.0
2003-07-03,0,0,0.02
2003-07-04,0,0,0.07
2003-07-05,0,0,0.01
2003-07-06,0,0,0.0
2003-07-07,0,0,0.03
2003-07-08,0,0,0.0
2003-07-09,0,0,0.0
2003-07-10,0,0,0.02
2003-07-11,1,1,0.99
2003-07-12,1,0,0.29
2003-07-13,0,0,0.01
2003-07-14,0,0,0.37
2003-07-15,0,0,0.0
2003-07-16,1,1,0.93
2003-07-17,0,0,0.0
2003-07-18,0,0,0.13
2003-07-19,0,0,0.2
2003-07-20,1,1,0.81
2003-07-21,0,0,0.05
2003-07-22,0,0,0.13
2003-07-23,0,0,0.19
2003-07-24,0,0,0.0
2003-07-25,1,1,1.0
2003-07-26,0,0,0.1
2003-07-27,0,1,0.79
2003-07-28,0,0,0.01
2003-07-29,1,0,0.17
2003-07-30,1,1,1.0
2003-07-31,1,1,1.0
2003-08-01,1,1,1.0
2003-08-02,0,0,0.05
2003-08-03,1,1,0.88
2003-08-04,0,0,0.0
2003-08-05,1,1,0.92
2003-08-06,0,0,0.0
2003-08-07,0,0,0.07
2003-08-08,1,1,1.0
2003-08-09,0,0,0.0
2003-08-10,0,0,0.03
2003-08-11,0,0,0.0
2003-08-12,0,0,0.05
2003-08-13,0,0,0.01
2003-08-14,0,0,0.0
2003-08-15,0,0,0.28
2003-08-16,0,0,0.0
2003-08-17,0,1,0.92
2003-08-18,0,0,0.16
2003-08-19,0,1,0.55
2003-08-20,0,0,0.06
2003-08-21,0,0,0.0
2003-08-22,0,0,0.0
2003-08-23,0,0,0.0
2003-08-24,0,0,0.0
2003-08-25,0,0,0.29
2003-08-26,0,0,0.0
2003-08-27,0,0,0.0
2003-08-28,0,0,0.01
2003-08-29,1,1,0.91
2003-08-30,0,0,0.0
2003-08-31,1,1,1.0
2003-09-01,0,0,0.12
2003-09-02,0,0,0.1
2003-09-03,0,0,0.0
2003-09-04,0,0,0.0
2003-09-05,1,1,0.96
2003-09-06,0,0,0.02
2003-09-07,1,0,0.09
2003-09-08,0,0,0.0
2003-09-09,0,0,0.0
2003-09-10,0,0,0.0
2003-09-11,0,0,0.01
2003-09-12,0,0,0.01
2003-09-13,0,0,0.04
2003-09-14,0,0,0.02
2003-09-15,0,0,0.23
2003-09-16,0,0,0.0
2003-09-17,1,1,0.97
2003-09-18,1,1,1.0
2003-09-19,0,0,0.05
2003-09-20,1,1,0.54
2003-09-21,0,0,0.11
2003-09-22,0,0,0.0
2003-09-23,0,0,0.0
2003-09-24,0,1,0.73
2003-09-25,1,1,0.97
2003-09-26,1,1,0.95
2003-09-27,1,1,0.82
2003-09-28,0,1,0.59
2003-09-29,0,0,0.0
2003-09-30,0,0,0.03
2003-10-01,0,0,0.0
2003-10-02,0,0,0.01
2003-10-03,0,0,0.08
2003-10-04,0,0,0.0
2003-10-05,0,0,0.0
2003-10-06,1,1,0.66
2003-10-07,0,0,0.17
2003-10-08,0,0,0.0
2003-10-09,0,0,0.5
2003-10-10,0,0,0.04
2003-10-11,0,0,0.03
2003-10-12,0,0,0.0
2003-10-13,1,1,0.99
2003-10-14,0,0,0.08
2003-10-15,0,0,0.0
2003-10-16,1,1,0.89
2003-10-17,0,0,0.03
2003-10-18,1,1,0.86
2003-10-19,0,0,0.0
2003-10-20,0,0,0.0
2003-10-21,1,1,0.8
2003-10-22,0,1,0.84
2003-10-23,0,0,0.13
2003-10-24,0,0,0.0
2003-10-25,0,0,0.0
2003-10-26,0,0,0.0
2003-10-27,0,0,0.0
2003-10-28,0,0,0.28
2003-10-29,0,0,0.06
2003-10-30,0,0,0.02
2003-10-31,0,0,0.0
2003-11-01,0,0,0.0
2003-11-02,0,0,0.0
2003-11-03,0,0,0.0
2003-11-04,1,1,1.0
2003-11-05,1,1,1.0
2003-11-06,0,0,0.22
2003-11-07,1,1,0.8
2003-11-08,0,0,0.0
2003-11-09,0,0,0.0
2003-11-10,0,0,0.0
2003-11-11,0,0,0.0
2003-11-12,0,0,0.0
2003-11-13,0,0,0.05
2003-11-14,0,0,0.0
2003-11-15,1,0,0.46
2003-11-16,1,1,0.52
2003-11-17,0,0,0.42
2003-11-18,0,0,0.08
2003-11-19,0,0,0.22
2003-11-20,1,1,0.99
2003-11-21,1,1,0.53
2003-11-22,0,0,0.0
2003-11-23,0,0,0.04
2003-11-24,1,1,0.88
2003-11-25,1,1,0.99
2003-11-26,0,0,0.04
2003-11-27,1,1,0.64
2003-11-28,0,0,0.01
2003-11-29,0,0,0.08
2003-11-30,1,1,0.94
2003-12-01,1,1,0.74
2003-12-02,0,0,0.04
2003-12-03,0,0,0.0
2003-12-04,0,0,0.06
2003-12-05,1,1,0.98
2003-12-06,0,0,0.01
2003-12-07,0,0,0.04
2003-12-08,0,0,0.0
2003-12-09,0,0,0.32
2003-12-10,0,0,0.0
2003-12-11,0,0,0.12
2003-12-12,0,1,0.86
2003-12-13,0,0,0.0
2003-12-14,0,0,0.02
2003-12-15,1,1,1.0
2003-12-16,0,0,0.0
2003-12-17,1,1,0.82
2003-12-18,0,0,0.01
2003-12-19,0,0,0.02
2003-12-20,1,1,0.99
2003-12-21,1,1,0.98
2003-12-22,0,0,0.0
2003-12-23,0,0,0.05
2003-12-24,0,0,0.04
2003-12-25,0,1,0.81
2003-12-26,1,0,0.23
2003-12-27,1,1,0.95
2003-12-28,1,1,1.0
2003-12-29,0,0,0.05
2003-12-30,1,1,0.53
2003-12-31,1,0,0.35
2004-01-01,0,0,0.01
2004-01-02,0,0,0.1
2004-01-03,0,0,0.01
2004-01-04,0,0,0.01
2004-01-05,1,0,0.47
2004-01-06,1,1,0.93
2004-01-07,0,0,0.02
2004-01-08,0,0,0.23
2004-01-09,1,1,0.68
2004-01-10,0,0,0.02
2004-01-11,0,0,0.12
2004-01-12,1,1,0.88
2004-01-13,1,1,0.99
2004-01-14,0,0,0.24
2004-01-15,0,0,0.28
2004-01-16,1,1,0.53
2004-01-17,0,0,0.0
2004-01-18,0,0,0.11
2004-01-19,0,0,0.17
2004-01-20,1,1,0.94
2004-01-21,0,0,0.03
2004-01-22,1,0,0.38
2004-01-23,0,0,0.0
2004-01-24,0,0,0.06
2004-01-25,0,0,0.02
2004-01-26,0,0,0.0
2004-01-27,1,1,1.0
2004-01-28,0,0,0.01
2004-01-29,0,0,0.03
2004-01-30,1,0,0.47
2004-01-31,0,0,0.0
2004-02-01,1,1,0.88
2004-02-02,0,0,0.0
2004-02-03,0,0,0.38
2004-02-04,0,0,0.14
2004-02-05,0,0,0.01
2004-02-06,0,0,0.09
2004-02-07,0,0,0.01
2004-02-08,1,1,1.0
2004-02-09,0,0,0.01
2004-02-10,1,1,0.99
2004-02-11,0,0,0.05
2004-02-12,0,0,0.01
2004-02-13,0,0,0.02
2004-02-14,1,1,0.92
2004-02-15,0,0,0.23
2004-02-16,0,0,0.0
2004-02-17,0,0,0.09
2004-02-18,1,1,0.99
2004-02-19,0,0,0.48
2004-02-20,0,0,0.03
2004-02-21,0,0,0.02
2004-02-22,0,0,0.0
2004-02-23,0,0,0.04
2004-02-24,0,0,0.01
2004-02-25,0,0,0.0
2004-02-26,0,0,0.01
2004-02-27,1,1,1.0
2004-02-28,1,1,0.94
2004-02-29,1,1,1.0
2004-03-01,0,0,0.01
2004-03-02,0,0,0.0
2004-03-03,1,1,0.97
2004-03-04,0,0,0.0
2004-03-05,0,1,0.8
2004-03-06,0,0,0.14
2004-03-07,0,1,0.9
2004-03-08,0,0,0.02
2004-03-09,0,1,0.56
2004-03-10,0,0,0.16
2004-03-11,0,0,0.05
2004-03-12,0,0,0.0
2004-03-13,0,0,0.11
2004-03-14,0,0,0.01
2004-03-15,0,0,0.41
2004-03-16,0,0,0.06
2004-03-17,0,0,0.0
2004-03-18,1,1,0.59
2004-03-19,0,0,0.04
2004-03-20,1,0,0.15
2004-03-21,0,0,0.01
2004-03-22,1,1,0.94
2004-03-23,0,0,0.08
2004-03-24,0,0,0.04
2004-03-25,1,0,0.12
2004-03-26,0,0,0.0
2004-03-27,0,0,0.0
2004-03-28,0,0,0.16
2004-03-29,1,1,1.0
2004-03-30,0,0,0.41
2004-03-31,0,0,0.0
2004-04-01,1,1,0.72
2004-04-02,0,0,0.02
2004-04-03,0,0,0.02
2004-04-04,0,0,0.04
2004-04-05,0,0,0.02
2004-04-06,0,0,0.31
2004-04-07,1,0,0.2
2004-04-08,0,0,0.14
2004-04-09,0,0,0.02
2004-04-10,1,1,0.96
2004-04-11,0,0,0.0
2004-04-12,0,0,0.0
2004-04-13,0,0,0.0
2004-04-14,0,0,0.11
2004-04-15,0,0,0.01
2004-04-16,0,0,0.02
2004-04-17,0,0,0.05
2004-04-18,0,0,0.31
2004-04-19,1,1,1.0
2004-04-20,0,0,0.02
2004-04-21,1,1,1.0
2004-04-22,0,0,0.03
2004-04-23,0,0,0.01
2004-04-24,0,0,0.0
2004-04-25,1,1,0.71
2004-04-26,1,1,0.98
2004-04-27,1,1,0.96
2004-04-28,0,1,0.9
2004-04-29,0,0,0.07
2004-04-30,0,1,0.59
2004-05-01,1,1,1.0
2004-05-02,1,1,0.91
2004-05-03,1,1,1.0
2004-05-04,1,1,0.97
2004-05-05,0,0,0.01
2004-05-06,0,0,0.0
2004-05-07,0,0,0.09
2004-05-08,1,1,0.97
2004-05-09,0,0,0.44
2004-05-10,0,0,0.01
2004-05-11,0,0,0.04
2004-05-12,1,1,0.64
2004-05-13,0,0,0.03
2004-05-14,0,0,0.0
2004-05-15,0,0,0.06
2004-05-16,1,1,0.9
2004-05-17,0,0,0.0
2004-05-18,0,0,0.07
2004-05-19,0,0,0.0
2004-05-20,0,1,0.92
2004-05-21,0,0,0.47
2004-05-22,0,0,0.06
2004-05-23,0,0,0.11
2004-05-24,1,1,0.81
2004-05-25,0,0,0.03
2004-05-26,0,0,0.0
2004-05-27,0,0,0.01
2004-05-28,0,0,0.0
2004-05-29,1,0,0.12
2004-05-30,0,0,0.49
2004-05-31,1,1,0.99
2004-06-01,1,1,0.63
2004-06-02,1,1,1.0
2004-06-03,1,1,1.0
2004-06-04,1,1,0.63
2004-06-05,0,0,0.5
2004-06-06,0,0,0.0
2004-06-07,0,0,0.0
2004-06-08,0,0,0.0
2004-06-09,0,0,0.35
2004-06-10,0,0,0.0
2004-06-11,1,1,1.0
2004-06-12,0,0,0.0
2004-06-13,0,0,0.04
2004-06-14,0,0,0.0
2004-06-15,0,0,0.12
2004-06-16,0,0,0.02
2004-06-17,0,0,0.02
2004-06-18,0,0,0.0
2004-06-19,1,1,1.0
2004-06-20,0,0,0.01
2004-06-21,0,0,0.0
2004-06-22,0,0,0.19
2004-06-23,0,0,0.0
2004-06-24,0,0,0.04
2004-06-25,0,0,0.0
2004-06-26,0,1,0.73
2004-06-27,1,1,0.58
2004-06-28,0,0,0.0
2004-06-29,1,0,0.34
2004-06-30,0,1,0.52
2004-07-01,0,1,0.64
2004-07-02,1,0,0.08
2004-07-03,0,0,0.44
2004-07-04,0,0,0.06
2004-07-05,1,1,1.0
2004-07-06,0,0,0.03
2004-07-07,0,0,0.0
2004-07-08,1,1,0.84
2004-07-09,0,0,0.36
2004-07-10,1,0,0.05
2004-07-11,0,0,0.0
2004-07-12,1,1,0.55
2004-07-13,0,0,0.06
2004-07-14,0,0,0.02
2004-07-15,0,0,0.0
2004-07-16,0,0,0.09
2004-07-17,0,0,0.15
2004-07-18,0,0,0.18
2004-07-19,0,0,0.0
2004-07-20,0,0,0.07
2004-07-21,0,0,0.01
2004-07-22,1,1,0.91
2004-07-23,0,0,0.14
2004-07-24,0,0,0.0
2004-07-25,1,1,0.98
2004-07-26,1,1,0.98
2004-07-27,1,1,0.98
2004-07-28,0,0,0.03
2004-07-29,0,0,0.25
2004-07-30,0,0,0.06
2004-07-31,0,0,0.21
2004-08-01,0,0,0.15
2004-08-02,0,0,0.0
2004-08-03,0,0,0.0
2004-08-04,0,0,0.2
2004-08-05,0,0,0.0
2004-08-06,0,0,0.03
2004-08-07,0,0,0.01
2004-08-08,0,0,0.0
2004-08-09,0,0,0.2
2004-08-10,0,0,0.17
2004-08-11,1,1,0.87
2004-08-12,0,0,0.02
2004-08-13,0,0,0.39
2004-08-14,0,0,0.04
2004-08-15,0,1,0.94
2004-08-16,0,0,0.01
2004-08-17,0,0,0.0
2004-08-18,0,0,0.0
2004-08-19,0,0,0.0
2004-08-20,0,0,0.09
2004-08-21,0,0,0.01
2004-08-22,0,0,0.0
2004-08-23,0,0,0.0
2004-08-24,1,1,0.68
2004-08-25,0,0,0.0
2004-08-26,0,0,0.4
2004-08-27,1,1,1.0
2004-08-28,0,0,0.02
2004-08-29,0,0,0.2
2004-08-30,0,0,0.03
2004-08-31,1,0,0.07
2004-09-01,0,0,0.02
